Distributors,Address,zipcode,lat,long,operating radius,operating districts,workforce,max_installations
FrigorTec GmbH,"88279 Amtzell, Germany",88279,47.71538925,9.761246295289354,,nan,60.0,1500.0
Rülke Kühlanlagen GmbH,"08056 Zwickau, Germany",8056,50.71011275612076,12.491740090283173,,nan,60.0,1500.0
Wärmetechnik Quedlinburg GmbH & Co. KG,"06484 Quedlinburg, Germany",6484,51.79354546325875,11.150819965996627,,nan,60.0,1500.0
Westfalia Wärmetechnik Heinrich Schröder GmbH,"32257 Bünde, Germany",32257,52.20012793998374,8.57368924864759,,nan,60.0,1500.0
Apollo Gößnitz GmbH,"04639 Gößnitz, Germany",4639,50.87855975866452,12.426716774937557,,nan,60.0,1500.0
Alfred Kaut GmbH & Co. Elektrizitäts Gesellschaft,"42277 Wuppertal, Germany",42277,51.282103758388864,7.220692893147858,,nan,60.0,1500.0
Otto Schatte GmbH,"23554 Lübeck, Germany",23554,53.883935679347715,10.674071860547306,150.0,23611;19069;20038;24534;23714;22844;24103;21039;24107;19273;17166;29614;25541;19065;18311,30.0,750.0
SCHRAG GmbH & CO. KG,"73061 Ebersbach an der Fils, Germany",73061,48.71097021082478,9.521930455839517,150.0,73430;21217;73033;70734;74405;70173;89168;70806;71543;71032;75172;72124;86609;74214;90599,30.0,750.0
BLOOM ENGINEERING EUROPA GmbH,"40549 Düsseldorf, Germany",40549,51.233057256001565,6.72012990351158,150.0,40210;47051;40699;42651;47798;42103;45403;34582;45127;45525;51371;41061;45879;41334;40667,30.0,750.0
Dr. Kurt Korsing GmbH & Co. KG,"50739 Köln-Bilderstöckchen, Germany",50739,50.978415590141296,6.927486903193077,150.0,51371;42799;40699;50667;42651;40210;42477;50126;42853;42103;53111;40667;34582;45525;47051,30.0,750.0
Ing. Carl Friedmann GmbH + Co. KG,"92637 Weiden, Germany",92637,49.6704287,12.166984528812986,150.0,92637;92681;91281;95100;92269;91257;92444;91249;95326;96268;90518;91126;90402;84066;84069,30.0,750.0
Kältetechnik aircool GmbH,"81829 Munich, Germany",81829,48.132017644922065,11.677867621221704,150.0,84405;83550;83527;80331;84072;84028;82131;85221;85077;84048;82110;83607;84140;82297;84489,30.0,750.0
SHK SYSTEM PLAN GmbH,"03044 Cottbus, Germany",3044,51.77722887218198,14.335299436424794,150.0,3042;3058;15230;12529;1945;14913;15236;2708;16225;10115;1454,30.0,750.0
SHL LEHMANN GmbH & CO KG,"72202 Nagold, Germany",72202,48.54347865,8.71973633066466,150.0,71032;72070;72202;71292;70173;72160;75172;70806;70734;76530;72124;68753;72336;76437;72172,30.0,750.0
A. Bernd Fronda Kälte Klima Schankanlagen und Großküchentechnik,"45659 Recklinghausen, Germany",45659,51.6022969690376,7.1901899538253895,150.0,44623;48249;44575;44135;45879;44787;46236;45127;44532;45525;45403;24576;48231;42103;48268,30.0,750.0
Abel Elektrotechnik GmbH & Co. KG,"84549 Engelsberg, Germany",84549,48.12969124999999,12.512000331248505,150.0,84489;84140;83527;84028;94032;84130;84405;83119;83317;94447;83550;84066;84072;94315;80331,30.0,750.0
ABR Erdwärme GmbH,"15738 Zeuthen, Germany",15738,52.349123358244285,13.62011752324731,150.0,15236;16225;10115;14461;15230;12529;14913;16515;14770;3042;3202;3058;14476;1945;16816,30.0,750.0
Ahrens Solartechnik GmbH & Co. KG,"31675 Bückeburg, Germany",31675,52.29280015,9.030864114045734,150.0,31542;27318;30159;32312;32049;31020;27211;33519;31008;29221;32105;27283;33311;27356;27749,30.0,750.0
Ahrensburger Zentralheizungsbau GmbH,"22926 Ahrensburg, Germany",22926,53.674296062149715,10.231113141386132,150.0,20038;22844;23611;19069;21039;24534;23714;19273;29614;24107;24103;19065;25541;21614;17166,30.0,750.0
aihtec SOLAR UG,"06110 Halle, Germany",6110,51.469438544819155,11.97198739660814,150.0,6366;6773;4425;6842;6120;4103;39175;6295;14476;39014;7743;7545;14913;3238;1445,30.0,750.0
ait-deutschland GmbH,"95359 Kasendorf, Germany",95359,50.04048915,11.344080993371318,150.0,95326;96268;7343;95100;96515;96145;92681;91332;91257;91052;92637;7318;96106;98693;91281,30.0,750.0
Alb Kältetechnik GmbH,"72336 Balingen, Germany",72336,48.265537174370785,8.862248307617705,150.0,72070;72336;72124;71032;72172;70173;78187;72160;72535;72202;73033;70734;70806;72419;78048,30.0,750.0
ALBAN technische Anlagen GmbH,"35321 Laubach, Germany",35321,50.5347468,9.01147172266039,150.0,35315;35305;34212;36037;35096;35037;36166;35510;36381;63065;35104;35576;61250;34454;60306,30.0,750.0
Alfons Weber GmbH,"40489 Düsseldorf, Germany",40489,51.316168450149505,6.7557082251316976,150.0,47051;45403;40210;45127;47798;46236;45879;40699;44575;42103;44787;42651;34582;46483;44623,30.0,750.0
Alois Mehlhart GmbH,"83209 Prien am Chiemsee, Germany",83209,47.8554814,12.380791069659253,150.0,83119;84489;83527;83550;84140;83317;84028;83607;84405;80331;94032;82057;84130;84072;94447,30.0,750.0
Alois Simon GmbH,"66424 Homburg, Germany",66424,49.323684325409424,7.334715405797603,150.0,66849;66869;18556;66386;54426;66484;66606;66111;67292;67098;66359;55232;67377;76829;54422,30.0,750.0
Aloys Steffes Sanitär-Installation GmbH,"53859 Niederkassel-Mondorf, Germany",53859,50.80803430735835,7.040302179608008,150.0,42799;53111;42477;51570;50667;51371;42651;40699;53545;42103;42853;40210;58507;50126;45525,30.0,750.0
Alternative Energie Mielke,"25358 Horst (Holstein), Germany",25358,53.810221578643805,9.620523350291313,150.0,22844;24107;24534;23714;20038;25541;23611;24103;24376;21039;19069;19273;25813;29614;19065,30.0,750.0
Alternative Technik Scherf GmbH,"03229 Altdöbern, Germany",3229,51.66249615,14.029420997980782,150.0,3058;3042;1945;12529;1454;14913;1067;3238;15236;15230;1445;16225;10115;1705;14461,30.0,750.0
Jan Anders Bad & Heizungsbau - Meisterbetrieb,"02956 Rietschen, Germany",2956,51.394180884409245,14.786110263054482,150.0,3058;3042;2708;1454;15230;1067;12529;1945;1445,30.0,750.0
Andre Weick Innovative Haus und Umwelttechnik GmbH,"69168 Wiesloch, Germany",69168,49.294623568255616,8.698198357308664,150.0,69115;64658;68526;69427;64625;68159;67105;64385;71543;76829;64319;74214;63785;74744;75172,30.0,750.0
Andreas Krüger GmbH,"78224 Singen, Germany",78224,47.76204189826086,8.853457189848971,150.0,72419;78187;78224;37434;88147;72336;72172;78048;72535;72124;79664;77781;72160;7919;57520,30.0,750.0
Andreas Rudolf Meisterbetrieb,"95445 Bayreuth, Germany",95445,49.95078262132679,11.558401273473525,150.0,95326;95100;92681;96268;92637;91257;91281;7343;96145;96515;90518;7554;91126;90402;91052,30.0,750.0
Anspach Sanitärservice,"56073 Koblenz, Germany",56073,50.344407753394925,7.5611418389302525,150.0,56203;56112;53545;6406;56472;35781;35576;65219;56170;57072;51570;53111;55218;53424;55430,30.0,750.0
API Energie- und Versorgungstechnik GmbH,"82166 Gräfelfing, Germany",82166,48.1221494,11.435932660256775,150.0,80331;85221;82110;84072;83550;82131;85077;84405;82297;86854;84028;85123;83527;82269;84048,30.0,750.0
APPEL GmbH,"69181 Leimen, Germany",69181,49.34496659356642,8.681438800283718,150.0,69115;64658;68526;69427;64625;64385;68159;67105;64319;71543;76829;63785;64521;74214;74744,30.0,750.0
Aqua-Solar,"64385 Reichelsheim, Germany",64385,49.70043805,8.84782296118301,150.0,64385;63785;64319;63739;64658;68159;69115;64625;35104;36381;64521;69427;97225;63065;65239,30.0,750.0
Aust + Hartmann GmbH & Co.KG,"23996 Niendorf, Germany",23996,53.773940703372325,11.463455579976376,150.0,17166;19069;18311;23611;20038;19065;17033;24534;23714;16866;22844;29439,30.0,750.0
Autenrieth + Wehner GmbH,"36037 Fulda, Germany",36037,50.55347859515582,9.679081172366187,150.0,36404;36037;36166;36452;97528;35315;36205;34212;98530;99100;97517;36381;98527;35104;6647,30.0,750.0
B. Hahn,"95119 Naila OT Marlesreuth, Germany",95119,50.32832285,11.69696878699962,150.0,7343;7554;96268;8056;95100;96515;95326;7318;7545;7607;96145;8280;4703;4600;7743,30.0,750.0
bad&heizung Griesche GmbH,"01558 Großenhain, Germany",1558,51.2901101,13.525065169942806,150.0,1945;3238;1454;1445;1067;12529;3058;1705;3042;14913;9028;4703;2708;4600;4425,30.0,750.0
Baldur Weid,"56479 Rehe/Westerwald, Germany",56479,50.61558265664086,8.044241900935656,150.0,57072;35576;35037;35781;6406;56203;35305;35096;57368;56472;34454;61250;65239;34431;35315,30.0,750.0
Beck GmbH & Co KG,"40721 Hilden, Germany",40721,51.16619285,6.914028880079641,150.0,42651;42103;40210;51371;45525;40699;42853;45403;45127;47051;34582;42799;44787;45879;47798,30.0,750.0
Becker GmbH,"67307 Göllheim, Germany",67307,49.59193913855156,8.048817187532437,150.0,55232;64521;67292;67098;68159;55218;64319;64625;65239;65219;66849;67105;18556;69115;76829,30.0,750.0
Beckers Regeltechnik GmbH,"47506 Neukirchen-Vluyn, Germany",47506,51.43527775,6.5506149917785335,150.0,46483;47051;47798;45403;46236;40210;44575;45879;25554;41334;45127;44787;44623;40699;34582,30.0,750.0
Beckmann GmbH,"24941 Flensburg, Germany",24941,54.77491915,9.387348411186212,150.0,24937;24376;24103;25813;24534;23714;24107;25541;23611,30.0,750.0
Berna Kühlanlagen GmbH,"08058 Zwickau, Germany",8058,50.75047053591186,12.482388505218001,150.0,4703;4600;9028;8056;7545;4103;8280;7554;7743;4425;1445;7607;1705;7343;1067,30.0,750.0
Bernd Elsner Sanitär & Heizungstechnik,"14774 Brandenburg an der Havel, Germany",14774,52.3974682685955,12.41637681802356,150.0,14770;14461;16816;14476;10115;16515;39014;15755;6842;14715;16225;6773;39175;15236;14913,30.0,750.0
Bernd Krämer Heizung-Elektro-Sanitär,"09116 Chemnitz, Germany",9116,50.82538849213916,12.874168235565287,150.0,9028;4703;1445;4600;8056;1705;8280;7545;1067;4103;4425;1454;3238;7554;7743,30.0,750.0
Bernhard Roll GmbH,"14167 Berlin, Germany",14167,52.42157845,13.27883356116847,150.0,10115;16225;14461;15236;16515;3202;14770;14913;15230;14476;17121;12529;16816;6842;3042,30.0,750.0
Bernhard Werner GmbH,"42327 Wuppertal, Germany",42327,51.242882880712784,7.074620620216511,150.0,42103;45525;42651;42853;44787;45127;45879;45403;24576;40210;46236;44575;44135;51371;44532,30.0,750.0
Berthold Herzog,"63814 Mainaschaff, Germany",63814,49.9998872,9.086395035109847,100.0,63739;35104;36381;63065;35510;60306;97225;63785;35315;65239,10.0,250.0
BERUS Energietechnik e.K.,"88069 Tettnang, Germany",88069,47.6545925,9.604272433657734,100.0,88147;7919;86498;72419;87448;87700;87435;72535;89231;86807,10.0,250.0
BEY ELMAR GmbH & CO. KG,"64319 Pfungstadt, Germany",64319,49.8024721,8.593209651944612,100.0,64319;64521;60306;65239;63065;63739;35104;68159;36381;35510,10.0,250.0
BIERTHER HEIZUNGSANLAGEN GmbH,"69126 Heidelberg, Germany",69126,49.376832133155354,8.690933393159426,100.0,69115;64658;68526;64385;69427;64625;64319;68159;67105;71543,10.0,250.0
Blaffert Heizsysteme GmbH,"39524 Schönhausen, Germany",39524,52.66909789367354,12.06694595277346,100.0,16816;14770;17033;14715;16515;39014;16866,10.0,250.0
Blatzheim & Sohn GmbH,"52372 Kreuzau, Germany",52372,50.7383479,6.479966746998315,100.0,50126;52349;51570;50667;53879;40667;41812;51371;42799;53111,10.0,250.0
"boden & grundwasser, Dr. Jörg Danzer Dipl. Geoökologe","87527 Sonthofen, Germany",87527,47.5055914,10.269482173899464,100.0,86807;87435;87448;87700;86498;82347;7919;87600;82269;88147,10.0,250.0
Böhm GmbH,"04416 Markkleeberg, Germany",4416,51.26845875,12.396545220727784,100.0,4425;4103;4600;3238;1445;6773;6366;9028;4703;7743,10.0,250.0
Börner + Co KG,"85053 Ingolstadt, Germany",85053,48.74609894429576,11.4513175550012,100.0,85049;84048;84069;85072;90602;85077;85123;84072;91249;91710,10.0,250.0
BRENNER GmbH - Beste Heizungs- & Elektro-Technologie,"71229 Leonberg - Höfingen, Germany",71229,48.78961225,9.000822581694354,100.0,70806;70173;75172;70734;71543;71032;71292;73033;21217;74214,10.0,250.0
Bruch Kälte und Klimatechnik,"42369 Wuppertal, Germany",42369,51.22652635526601,7.201824049011347,100.0,45525;42853;42103;42651;24576;44787;58507;44135;44532;45127,10.0,250.0
Budde GmbH und Co. KG,"30974 Wennigsen (Deister), Germany",30974,52.270714487314244,9.584112049333061,100.0,30159;29221;31224;31008;31020;31542;29365;27318;38226;38162,10.0,250.0
Bühr Lufttechnik GmbH,"70839 Gerlingen, Germany",70839,48.79815182162385,9.064921871079617,100.0,70806;70734;70173;75172;71543;21217;71032;74214;74405;73430,10.0,250.0
BURY Haustechnik GmbH,"79241 Ihringen, Germany",79241,48.04543276753025,7.655091221980764,100.0,79183;79098;79362;77652;79189;77781;79400;78048;72172;57520,10.0,250.0
Butscher GmbH,"87471 Durach, Germany",87471,47.69649335,10.366545555635087,100.0,87435;86807;87700;86498;87600;82347;82269;89231;86854;7919,10.0,250.0
caldoa GmbH,"88046 Friedrichshafen, Germany",88046,47.65969015,9.50416034702076,100.0,88147;7919;72419;72535;87448;86498;89231;78187;87700;87435,10.0,250.0
Christoph Rechkemmer GmbH,"66292 Riegelsberg, Germany",66292,49.30878835158418,6.935701052781655,100.0,54426;66111;66359;66606;66386;66869;66849;18556;66484;66663,10.0,250.0
Claus Grammerstorf Inh. Peter Marquardt e.K.,"23669 Timmendorfer Strand, Germany",23669,53.99101983547429,10.799882253241307,100.0,23611;19069;24103;20038;24534;23714,10.0,250.0
CLIVENT Umwelttechnik,"78166 Donaueschingen, Germany",78166,47.94686125,8.530789753575341,100.0,78187;72172;72336;72419;78048;78224;77781;79098;72160;37434,10.0,250.0
ColdTec Kälte-Klima-Wärmepumpentechnik GmbH,"32602 Vlotho, Germany",32602,52.15912859988332,8.849102153609751,100.0,31542;32049;27318;32312;33519;31020;30159;32105;27211;33311,10.0,250.0
Cooljoy GmbH & Co. KG,"51399 Burscheid, Germany",51399,51.09124785,7.11906295083898,100.0,42651;51371;42103;42853;40699;45525;42799;58507;50667;40210,10.0,250.0
COOLTHERM Kälteanlagen und Wärmepumpen GmbH,"63755 Alzenau, Germany",63755,50.08377305000001,9.07302251363447,100.0,36381;35104;63739;35510;63065;35315;60306;63785;97225;36037,10.0,250.0
Cramer Klimatechnik Inh. Dipl.-Ing. Heinz Herbert ScheiffarthHeinz-Herbert Scheiffarth,"42107 Wuppertal, Germany",42107,51.26420507080971,7.1543206181148316,100.0,45525;42103;42853;42651;24576;44135;44787;45127;44532;45879,10.0,250.0
Cube Ingenieurunion GmbH,"67549 Worms, Germany",67549,49.63883021667088,8.336991899502399,100.0,64521;64319;68159;64625;55232;65239;67105;69115;64658;76829,10.0,250.0
"Dages, Huber & Schildbach OHG","87675 Stötten a. Auerberg, Germany",87675,47.74177589999999,10.70083128089979,100.0,82347;87600;82269;87435;86807;86854;86150;82131;87700;86498,10.0,250.0
Daschner GmbH,"47169 Duisburg, Germany",47169,51.51206544329934,6.7614459075148305,100.0,46236;44575;45403;45879;47051;44623;45127;46483;44787;47798,10.0,250.0
DIAMANT Heiz- und Klimasysteme GmbH,"73635 Rudersberg, Germany",73635,48.88106605,9.53657935494483,100.0,74405;21217;73430;70734;73033;70173;74214;71543;89168;90599,10.0,250.0
Dipl.-Ing. (FH) Ingo Jürgena,"26639 Wiesmoor, Germany",26639,53.41439575,7.725996287431335,100.0,26316;22869;26409;26382;26160;26349;26121;26506;27749;27711,10.0,250.0
Dipl.-Ing. EDUARD JORDAN Haustechnik GmbH,"18211 Bargeshagen, Germany",18211,54.13205731766789,11.948914614596285,100.0,18311,10.0,250.0
Dipl.-Ing. Frank Günther e.K.,"21337 Lüneburg, Germany",21337,53.24793398061731,10.44020796972433,100.0,21039;19065;19273;29614;20038;19069;29439;29389;22844;16866,10.0,250.0
Dipl.-Ing.(FH) Karl Mayer GmbH,"54634 Bitburg, Germany",54634,49.968953218971436,6.528036193719653,100.0,53518;54636;54347;56253;6618;53879;54298;53424;55430;56170,10.0,250.0
Dirk Schmitz Heizungsbau & Sanitär,"53474 Bad Neuenahr-Ahrweiler, Germany",53474,50.54152349585169,7.120312435242091,100.0,51570;53545;53111;50667;42799;53424;42477;50126;56203;51371,10.0,250.0
Distelmaier GmbH,"22761 Hamburg, Germany",22761,53.56542158356,9.914004926078034,100.0,20038;22844;21039;24534;23714;19273;19069;23611;24107;29614,10.0,250.0
Dr. Stadtbäumer Baugrunduntersuchung GmbH,"85609 Aschheim b. München, Germany",85609,48.192658,11.71421219127192,100.0,84405;84072;84028;83550;83527;85221;80331;85077;84048;82110,10.0,250.0
DUDDA Energiesysteme Gmbh,"18258 Schwaan, Germany",18258,53.937002333328046,12.104252686969234,100.0,18311;17166,10.0,250.0
Dührkopp Haustechnik GmbH Co. KG,"14712 Rathenow, Germany",14712,52.611308221476,12.341515033460677,100.0,16816;14770;16515;14461;14476;14715;10115;17033,10.0,250.0
Ebert - Bau GmbH Neubau - Umbau - Sanierung,"17033 Neubrandenburg, Germany",17033,53.5452587986691,13.25045859027817,100.0,17121;3202;17033,10.0,250.0
Eichenauer Kälte- und Klimatechnik GmbH & Co. KG,"36367 Wartenberg - Angersbach, Germany",36367,50.62387105,9.45089905063308,100.0,36166;36037;36404;34212;35315;36452;97528;36205;34454;6647,10.0,250.0
EISEN FISCHER GmbH,"86720 Nördlingen, Germany",86720,48.8586179,10.495341998758175,100.0,91710;86609;90599;85072;86502;85123;89168;91126;73430;90402,10.0,250.0
ELBRA Elektrotechnik Bratschke GmbH,"42551 Velbert, Germany",42551,51.34330675251444,7.050640855991928,100.0,45127;44787;42103;45525;45879;45403;42853;42651;46236;44575,10.0,250.0
Elektro Fischer GmbH,"94152 Neuhaus – Reding, Germany",94152,48.4529484,13.410533506243578,100.0,94032;94065;84140;93471;94447;84489,10.0,250.0
Elektro Guggenmos GmbH & Co. KG,"87742 Dirlewang, Germany",87742,48.00695217922661,10.506959789663536,100.0,87600;86854;86150;87700;82269;86381;86498;82110;82297;82347,10.0,250.0
Elektro Halbach Heinz Halbach GmbH & Co. KG,"42369 Wuppertal, Germany",42369,51.22652635526601,7.201824049011347,100.0,,10.0,250.0
Elektro Haupenthal,"55776 Rohrbach, Germany",55776,49.584776751571425,7.242798585581299,100.0,18556;66869;55442;66849;55430;66606;6618;55218;67292;54347,10.0,250.0
Elektro Jost GmbH,"45289 Essen-Burgaltendorf, Germany",45289,51.416164930314636,7.111311750400403,100.0,44787;45879;45127;44135;46236;44575;44623;42103;45403;45525,10.0,250.0
Elektro Lübke KG,"24103 Kiel, Germany",24103,54.32284378477549,10.131450585349253,100.0,24103;24534;23714;23611;24107;24376;24937;22844,10.0,250.0
ELEKTRO Luckow & Söhne GmbH,"40721 Hilden, Germany",40721,51.16619285,6.914028880079641,100.0,,10.0,250.0
Elektro Riedel Inh. Frank Riedel,"30916 Isernhagen, Germany",30916,52.45406536126935,9.85708924550884,100.0,29221;29365;31224;30159;38023;38226;29389;29614;38162;31008,10.0,250.0
Elektro Roßwein GmbH,"04741 Roßwein, Germany",4741,51.0801062,13.186804630726021,100.0,1445;1067;3238;1705;1454;9028;4703;1945;4425;4600,10.0,250.0
ELEKTRO SCHNICKMANN GmbH,"51789 Lindlar-Hartegasse, Germany",51789,51.0233447902725,7.373047948725837,100.0,58507;42477;42853;57368;42799;45525;51371;24576;50667;42651,10.0,250.0
Elektro Zech GmbH,"87666 Pforzen, Germany",87666,47.9357322,10.611829457029227,100.0,87600;86854;82269;86150;87700;82347;87435;82110;82297;82131,10.0,250.0
Elektro-Beck,"73466 Lauchheim, Germany",73466,48.87152009637114,10.249688380464727,100.0,90599;91710;86609;73430;86502;21217;89168;74405;85072;90616,10.0,250.0
Elektro-Brezing,"72224 Ebhausen, Germany",72224,48.60857125,8.670617045299148,100.0,71032;72202;72070;71292;70806;75172;70173;72160;76530;70734,10.0,250.0
Elektro-Horst GmbH,"06667 Tagewerben, Germany",6667,51.19534087625667,11.968004749302304,100.0,4425;4103;6120;6366;7743;7545;6773;7607;4600;7554,10.0,250.0
Elektrotechnik Schenkendorf GmbH,"42897 Remscheid, Germany",42897,51.18750523422175,7.264249471013954,100.0,42853;45525;42651;58507;42103;51371;24576;44787;44135;44532,10.0,250.0
Elmar Schmid GmbH,"87488 Betzigau, Germany",87488,47.7278131,10.41126141941994,100.0,87435;86807;87600;87700;86498;82347;82269;86854;89231;7919,10.0,250.0
Engelmann Installation,"39576 Stendal - OT Groß Schwechten, Germany",39576,52.60554850972736,11.847680815150015,100.0,14715;16816;14770;16866;39014;15755;29410;39175;29439;16515,10.0,250.0
ENGIE Refrigeration GmbH,"88131 Lindau, Germany",88131,47.57286685,9.686940863251923,100.0,88147;7919;87448;86498;87700;87435;86807;72419;72535;37434,10.0,250.0
Enneper und Schmermbeck KG,"58511 Lüdenscheid, Germany",58511,51.21811915000001,7.651146488671737,100.0,58507;24576;42853;44532;45525;57368;34431;44135;58739;42651,10.0,250.0
Enspa-Energiesparsysteme,"63683 Ortenberg, Germany",63683,50.35660375000001,9.088058565190185,100.0,35315;36037;35510;36381;35104;35305;63065;36166;97517;34212,10.0,250.0
EnTech GmbH,"77815 Buhl, Germany",77815,48.69775615455515,8.135489720000837,100.0,76530;76437;68753;71292;72202;67360;67377;75172;48079;72160,10.0,250.0
EPROPLAN GmbH Beratende Ingenieure,"70597 Stuttgart, Germany",70597,48.74470654085455,9.169232271388557,100.0,70173;70734;70806;21217;74405;73033;71032;75172;73430;71543,10.0,250.0
Erhard Müller GmbH,"37181 Hardegsen, Germany",37181,51.65458745,9.825495731389848,100.0,37154;37444;31008;31073;34346;38162;37308;38226;6333;31020,10.0,250.0
Erich Kuhn GmbH,"22179 Hamburg, Germany",22179,53.606202825035616,10.081075494384924,100.0,20038;22844;21039;23611;19069;24534;19273;23714;29614;19065,10.0,250.0
Ernst Schenk & Sohn GmbH Heizung und Sanitär,"47057 Duisburg, Germany",47057,51.42467784308181,6.788731937895683,100.0,45403;47051;46236;45127;44575;45879;46483;44787;44623;42103,10.0,250.0
Erwin Merk GmbH,"89264 Weißenhorn, Germany",89264,48.3020171,10.177888700200981,100.0,86381;86502;89231;89168;87700;86150;86609;86498;72535;87435,10.0,250.0
ETG Wiedholz Elektrotechnischer Fachgroßhandel,"86462 Langweid/Lech, Germany",86462,48.48088945,10.826741557738764,100.0,85123;86609;82297;85072;85077;85221;86502;82110;86150;91710,10.0,250.0
Eugen Bosch GmbH & Co. KG,"50823 Cologne, Germany",50823,50.94975484721943,6.923365932724571,100.0,42799;51371;50667;40699;40210;42651;50126;42477;53111;40667,10.0,250.0
Ewald Büttner GmbH,"63856 Bessenbach, Germany",63856,49.9660696,9.252114800788133,100.0,97225;63739;35104;36381;63065;97517;35510;60306;63785;35315,10.0,250.0
F.Grassmugg Kälte-Klima-Technik,"71679 Asperg, Germany",71679,48.9046078859641,9.138954993652023,100.0,70734;71543;70806;70173;74214;21217;74405;75172;73430;71032,10.0,250.0
F.O. Henneberg GmbH,"20354 Hamburg, Germany",20354,53.55587332583894,9.990383920721008,100.0,20038;22844;21039;19069;19273;24534;23611;23714;29614;24107,10.0,250.0
Faust GmbH,"56070 Koblenz, Germany",56070,50.374941338367435,7.588230976525044,100.0,56203;53545;56112;56472;35781;6406;56170;35576;57072;51570,10.0,250.0
Fedder GmbH,"41462 Neuss, Germany",41462,51.21565543410996,6.666674339199691,100.0,40210;47051;47798;40699;34582;42651;42103;45403;40667;45127,10.0,250.0
Fiedler Service GmbH,"13509 Berlin, Germany",13509,52.59071885,13.298214993776467,100.0,16225;10115;15236;14461;16515;3202;17121;14770,10.0,250.0
Fiehl & Kersken GmbH,"50389 Wesseling, Germany",50389,50.81590634608205,6.977998337090839,100.0,42799;50667;53111;51371;42477;51570;50126;40699;42651;40667,10.0,250.0
Firma Kölling GmbH,"01561 Ebersbach OT Bieberach, Germany",1561,51.28951915,13.711979771021142,100.0,1945;1454;1067;3238;3058;1445;3042;1705;12529,10.0,250.0
Fischer Elektrotechnik GmbH,"89584 Ehingen-Dächingen, Germany",89584,48.28566035901308,9.716187626552221,100.0,72535;89231;89168;86381;73033;72124;87700;7919;86498;86502,10.0,250.0
Fischer GbR Bad & Heiztechnik,"59069 Hamm, Germany",59069,51.62334875000001,7.868872314064967,100.0,58739;48231;33311;44532;44623;44135;24576;33098;44575;45879,10.0,250.0
FMH Bau-Meister GmbH & Co KG,"52070 Aachen, Germany",52070,50.783258450583716,6.098154874177514,100.0,52349;41812;50126;52062;40667;41061;34582;50667;51371;40210,10.0,250.0
Francois Fiedler GmbH,"14089 Berlin-Kladow, Germany",14089,52.47087255,13.151527738415707,100.0,16515;10115;14461;16225;15236;14770;16816;3202,10.0,250.0
Frank Widdel Haustechnik,"59063 Hamm, Germany",59063,51.67203085,7.837455419292951,100.0,48231;58739;33311;44532;44623;44135;24576;49074;33098;44575,10.0,250.0
Franz Lanzinger GmbH,"86931 Prittriching, Germany",86931,48.19888325,10.926865826408914,100.0,82297;82110;85221;86150;86854;85123;82269;82131;85077;87600,10.0,250.0
FRIELING FRITZ GmbH,"49393 Lohne (Oldenburg), Germany",49393,52.66118125,8.228908928665907,100.0,49377;27211;26169;27318;27283;27749;26121;26349;28195;26160,10.0,250.0
Fritsch GmbH Heizungen und Bäder,"76437 Rastatt, Germany",76437,48.86651935,8.18452642549805,100.0,68753;76530;67360;76437;67377;71292;76829;75172;72202;68526,10.0,250.0
Fritz Laxganger GmbH,"83119 Obing, Germany",83119,48.01504925,12.393458950726489,100.0,84489;83527;84140;84405;83550;83119;84028;83317;84130;94032,10.0,250.0
Fuchs Heizung + Haustechnik GmbH,"53840 Troisdorf, Germany",53840,50.81089034725922,7.162176854136268,100.0,42477;42799;53111;51570;50667;51371;42651;40699;58507;42103,10.0,250.0
Fuhrer Kälte & Klimatechnik,"72108 Rottenburg-Oberndorf, Germany",72108,48.46967965,8.934589874858336,100.0,71032;72070;70173;72124;72202;70806;73033;70734;71292;72336,10.0,250.0
G.U.T. Gebäude- und Umwelttechnik GmbH,"26180 Rastede, Germany",26180,53.24468722976924,8.203744334867308,100.0,26349;26121;26316;21745;26382;27749;22869;27711;26160;28195,10.0,250.0
Gabriel GmbH Heizung Sonne Bad,"88371 Boos, Germany",88371,47.9693331,9.5924291175474,100.0,72535;7919;89231;88147;86498;72124;72419;87700;86381;87435,10.0,250.0
Garbe Elektro- und Solartechnik GmbH,"47589 Uedem, Germany",47589,51.6755786,6.2936017234857795,100.0,46483;47051;25554;46236;47798;44575;45403;45879;40210;44623,10.0,250.0
Gellert & Meitzner GmbH,"03172 Schenkendöbern, Germany",3172,51.94876470000001,14.624074912977393,100.0,15230;3042;3058,10.0,250.0
Gemeinhardt AG,"95145 Oberkotzau, Germany",95145,50.2573776,11.925640376067092,70.0,95100;7343;7554;8056,6.0,150.0
genotec GmbH und Co. KG,"52538 Gangelt, Germany",52538,51.00737995,5.984794334299872,70.0,41812;41061;41334;34582;40667;25554;52349;40210,6.0,150.0
GeoClimaDesign AG,"15517 Fürstenwalde / Spree, Germany",15517,52.37474285,14.06711939734578,70.0,15230;15236,6.0,150.0
Georg Bergsteiner GmbH,"85077 Manching-Oberstimm, Germany",85077,48.71658625,11.490985645643756,70.0,85049;84048;84069;85072;85077;90602;84072;85123,6.0,150.0
GeoSolar Energietechnik GmbH,"15370 Fredersdorf, Germany",15370,52.5189856,13.779896376943707,70.0,15236;16225,6.0,150.0
Gerd Albert GmbH,"66115 Saarbrücken, Germany",66115,49.24500144594089,6.949541743921842,70.0,54426;66111;66386;66359;66606;66869;66849;66484;18556;54422,6.0,150.0
GIB Gewerbe-und Industriebau GmbH,"04720 Döbeln, Germany",4720,51.1432426,13.12959985742949,70.0,1445;3238;1067;1454;9028;1705,6.0,150.0
Graf GmbH,"86381 Krumbach/Niederraunau, Germany",86381,48.243257345440114,10.369003916739796,70.0,86381;86150;86502;86854;89231;86609;87600;89168;87700;82297,6.0,150.0
Graf Haustechnik GmbH,"92421 Schwandorf, Germany",92421,49.3153268,12.065086700213325,70.0,92269;91281;92444;92637;91249,6.0,150.0
Grube's Zentralheizungsbau- und Haustechnik Dipl.-Ing. Alexander Ebel GmbH,"22145 Hamburg, Germany",22145,53.62723046372818,10.166451683328038,70.0,20038;22844;23611;21039;19069;24534,6.0,150.0
Günter Weller GmbH,"74369 Löchgau, Germany",74369,49.002363218167886,9.108517853121601,70.0,71543;70806;70734;74214;75172;74405;69427;70173;71292;64658,6.0,150.0
Günther GmbH Heizung Sanitär Bauklempnerei,"45139 Essen, Germany",45139,51.45863688013088,7.040967059884848,70.0,45879;44787;46236;44575;44623;45127;44135;45403;42103;44532,6.0,150.0
Guske Elektro GmbH & Co. KG,"39606 Flessau, Germany",39606,52.790568208045435,11.730477611087315,70.0,16866,6.0,150.0
GYRO BAUTECHNIK GmbH,"45356 Essen, Germany",45356,51.48431543195153,6.974798271797249,70.0,45879;46236;44575;45127;44787;44623;45403;42103;48249;44135,6.0,150.0
h e i n e n GmbH,"50825 Cologne, Germany",50825,50.95687355751755,6.914278482732996,70.0,42799;51371;50667;40699;42651;40210;50126;42477;53111;40667,6.0,150.0
H. Jürgens KG,"26629 Großefehn, Germany",26629,53.39700745,7.598084407266338,70.0,26409;26316;22869;26160;26382;26506;26349;26121,6.0,150.0
H. Reuter GmbH,"45127 Essen, Germany",45127,51.45692010953957,7.0109605144224245,70.0,45879;46236;44575;45127;44787;45403;44623;44135;42103;47051,6.0,150.0
H. Timm GmbH,"31515 Wunstorf, Germany",31515,52.43251098172597,9.404135345901583,70.0,30159;29221;27318;31542,6.0,150.0
H.-D. Ruß GmbH Energietechnik,"65201 Wiesbaden, Germany",65201,50.05297929511993,8.184961236413107,70.0,65239;56472;60306;61250;35781;6406;65219;64521;35510;63065,6.0,150.0
Haas + Mandau GmbH,"79541 Lörrach, Germany",79541,47.64014375,7.690329139447585,70.0,57520;79400;79664;79189;79098;78048;79183,6.0,150.0
Haberland Heizung-Sanitär GmbH,"09390 Gornsdorf, Germany",9390,50.7085981,12.884694129703298,70.0,9028;4703;8056;4600;8280,6.0,150.0
Hafner-Muschler Kälte- und Klimatechnik GmbH & Co KG,"72336 Balingen, Germany",72336,48.265537174370785,8.862248307617705,70.0,,6.0,150.0
Handelshof Bautzen GmbH,"02625 Bautzen, Germany",2625,51.1812160437654,14.430411527013819,70.0,2708;1454;3058,6.0,150.0
Handrick & Schumann GmbH,"09337 Callenberg, Germany",9337,50.81135948240723,12.693843979859496,70.0,9028;4703;4600;1445;7545;4103,6.0,150.0
"HANS BÖHM Sanitär-, Solar- und Heizungstechnik","42657 Solingen, Germany",42657,51.14989673813634,7.0666252556402815,70.0,42651;42853;42103;45525;51371;40699;40210;42799;44787;58507,6.0,150.0
Hans Meirandres GmbH,"83022 Rosenheim, Germany",83022,47.85588381173346,12.127475219893961,70.0,83527;83119;83550;84489;83607,6.0,150.0
Hans Schramm GmbH & Co. KG,"80337 Munich, Germany",80337,48.127235419309905,11.557971683374946,70.0,84405;80331;83550;84072;85221;85077;82110;83527;82131;84028,6.0,150.0
Hans und Fred Brandstetter,"72622 Nürtingen, Germany",72622,48.61646925,9.352172477509347,70.0,73033;70173;70734;21217;73430;70806;72070;72124;74405,6.0,150.0
Hans Zacher GmbH - Zacher Welten,"55543 Bad Kreuznach, Germany",55543,49.83861100243044,7.865336376052836,70.0,55218;65219;55232;56112;67292;64521;65239;55442;56472,6.0,150.0
Hans-Peter Stritt,"78628 Rottweil, Germany",78628,48.17000845,8.657361158909007,70.0,72336;78187;72172;72160;72124;72070;71032;72202;72419,6.0,150.0
Harald Schütz Heizungsbau & Sanitär GmbH,"97355 Kleinlangheim, Germany",97355,49.75532955,10.34332367108848,70.0,96106;91332;96160;96170;90542;91052,6.0,150.0
Harry Schieck GmbH,"09130 Chemnitz, Germany",9130,50.83674533062659,12.946537435216985,70.0,9028;4703;1445;4600;1705;8056;1067,6.0,150.0
Haubrich GmbH,"46045 Oberhausen, Germany",46045,51.46650437671099,6.858076538889388,70.0,46236;45127;45403;45879;44575;44623;47051;44787;46483;44135,6.0,150.0
Hausmann GmbH,"26689 Apen, Germany",26689,53.2103818,7.778254061281962,70.0,26160;26316;26349;26121;26409;22869;26382;26506,6.0,150.0
Hausmann Haustechnik GmbH & Co. KG,"91154 Roth, Germany",91154,49.23688415,11.118101625557133,70.0,91126;90402;90518;91249;90602;91052;91257;90542,6.0,150.0
Haustechnik Hart GmbH & CO. KG,"97222 Rimpar, Germany",97222,49.890986299999994,9.956505744419953,70.0,96170;96160;96106;97517;91332;97528;97070,6.0,150.0
Haustechnik Kröber,"56244 Schenkelberg, Germany",56244,50.54272819564337,7.795634866486705,70.0,57072;56203;6406;35781;35576;35037;57368;56472,6.0,150.0
Haustechnik Neuroth GmbH,"58730 Fröndenberg-Dellwig, Germany",58730,51.4982107,7.771055687019937,70.0,58739;44532;48231;44135;24576;33311;44787;45525;44623;33098,6.0,150.0
Haustechnik Scherer GmbH,"66128 Saarbrücken, Germany",66128,49.23570426713049,6.916979520267942,70.0,66111;54426;66386;66359;66606;66869;66849;66484;18556;66663,6.0,150.0
Haustechnik Team GmbH,"01324 Dresden, Germany",1324,51.06087330513052,13.841753036483667,70.0,1454;1067;1945;1445;1705,6.0,150.0
Haustechnik Thallwitz GmbH,"04808 Thallwitz, Germany",4808,51.3843451,12.80659762365498,70.0,3238;1445;4425;12529,6.0,150.0
Haustechnik Voßwinkel GmbH,"51515 Kürten, Germany",51515,51.03651495,7.253692842909089,70.0,58507;42853;51371;42477;42799;42651;40699;45525;50667;57368,6.0,150.0
Haustechnik-Feldmann,"31812 Bad Pyrmont, Germany",31812,51.9660263,9.309002091493305,70.0,31020;31008;31542;30159;31073;37154;32105,6.0,150.0
Heimö L. Möbius & Co. GmbH,"06886 Wittenberg, Germany",6886,51.87596541916008,12.632451301792868,70.0,14913;6842;14476;6773,6.0,150.0
Heine GmbH & Co. KG - Heizung - Sanitär - Klima,"32278 Kirchlengern, Germany",32278,52.21778415,8.652256667496621,70.0,32312;32049;27318;31542;27211;33519;32105;31020,6.0,150.0
Heinz Burkhardt GmbH & Co. KG,"75389 Neuweiler, Germany",75389,48.67144245,8.609554538138532,70.0,71032;71292;72202;75172;70806;72070;76530;72160;70173;68753,6.0,150.0
Heinz Zoch GmbH,"27751 Delmenhorst, Germany",27751,53.06799295,8.673102888934274,70.0,28195;27749;27711;27356;27283;26121;26349;21745,6.0,150.0
Heinz-Jürgen Schröter GmbH,"01796 Pirna, Germany",1796,50.94704085,13.950557187173894,70.0,1454;1067;2708;1705;1445,6.0,150.0
Heizen for You VOGEL GmbH - HEIZUNGEN + BÄDER,"99438 Bad Berka, Germany",99438,50.89924634545694,11.266938632485221,70.0,99102;99084;7607;7743;6578;6120,6.0,150.0
Heiztechnik Mengel,"64401 Groß-Bieberau, Germany",64401,49.78573040000001,8.815546593986621,70.0,64319;63739;64385;63785;64521;35104;36381;63065;65239;60306,6.0,150.0
Heizung & Sanitär Achim Hambücken,"50859 Köln Lövenich, Germany",50859,50.954394861787776,6.831075807458898,70.0,51371;50667;42799;40699;42651;40210;50126;34582;40667;53111,6.0,150.0
Heizung Notdienst Berlin,"12161 Berlin, Germany",12161,52.47067685,13.326061823459206,70.0,16225;10115;15236;16515;14461,6.0,150.0
Heizung-Sanitär-Lüftung GmbH,"45884 Gelsenkirchen, Germany",45884,51.491782395705464,7.0844184735310005,70.0,45879;44623;44787;44575;46236;45127;44135;45403;44532;42103,6.0,150.0
Hengmith Kälte- Klima- Technik GmbH,"73095 Albershausen, Germany",73095,48.69391116679419,9.56289519861636,70.0,73430;21217;73033;70734;74405;89168;70173;70806,6.0,150.0
HERCO Kühltechnik Hermanns u. Co. GmbH,"46485 Wesel, Germany",46485,51.665973765835005,6.644380459407362,70.0,46236;44575;46483;45879;45403;44623;47051;47798;45127;48249,6.0,150.0
HERKT GmbH HEIZUNG SANITAER,"03042 Cottbus, Germany",3042,51.75595702317929,14.362796708649347,70.0,3042;3058,6.0,150.0
Hermann Schmitt GmbH,"66679 Losheim-Rimlingen, Germany",66679,49.50557638701636,6.738577974563169,70.0,66606;66663;54347;54298;66359;54426;54636;66111,6.0,150.0
"Hermann-Josef Cleve, Sanitär- und Heizungstechnik e.K. - Inh. Michael Cleve","41462 Neuss, Germany",41462,51.21565543410996,6.666674339199691,70.0,,6.0,150.0
Hess Kälte & Klimatechnik GmbH,"83098 Brannenburg, Germany",83098,47.7292573,12.0626848729504,70.0,83119;83550;83607;83527,6.0,150.0
Hesse Bad+Heizung GmbH & Co. KG,"58239 Schwerte, Germany",58239,51.43065445,7.568047869412696,70.0,44532;24576;44135;58739;44787;45525;44623;48231;42103;45879,6.0,150.0
Hesselbach GmbH,"42853 Remscheid, Germany",42853,51.18307049191557,7.183036678192349,70.0,42853;45525;42651;42103;58507;51371;24576;44787;45127;44135,6.0,150.0
HIDROS Deutschland,"53359 Rheinbach, Germany",53359,50.62008562806643,6.9505987095340656,70.0,51570;53111;53545;50667;50126;42477;42799;53424;51371;52349,6.0,150.0
Höber GmbH,"94034 Passau, Germany",94034,48.593963,13.44984601832506,70.0,94065;94032;93471,6.0,150.0
Höfer GmbH,"56170 Bendorf, Germany",56170,50.43208246253788,7.574446559326541,70.0,56203;53545;57072;56112;6406;35781;35576;56472;56170,6.0,150.0
Höffken GmbH,"47057 Duisburg-Neudorf, Germany",47057,51.42467784308181,6.788731937895683,70.0,,6.0,150.0
Holz und Sonne - GmbH,"76855 Annweiler, Germany",76855,49.20795985,7.963378951198412,70.0,76829;67377;67105;67098;67360;68526;67292;68159;64625;55232,6.0,150.0
Hopff e.K. Bäder - Sanitär - Heizungsanlagen,"46047 Oberhausen, Germany",46047,51.476079601644834,6.8806124027035045,70.0,46236;45127;45879;44575;45403;44623;44787;47051;46483;44135,6.0,150.0
Horst Hüller GmbH,"38446 Wolfsburg, Germany",38446,52.37507955,10.834302226506944,70.0,38440;29410;38023;29365;38154;15755;39164,6.0,150.0
HRV Kälte-Klima GmbH Kälte - Klima - Lüftungsbau,"52068 Aachen, Germany",52068,50.77658938846035,6.123028043888652,70.0,52349;41812;52062;50126;40667;41061;34582;50667,6.0,150.0
HSB Seefeldt GmbH,"47877 Willich, Germany",47877,51.26128575,6.523193167643982,70.0,47798;47051;40210;46483;41061;41334;40699;34582;45403;42651,6.0,150.0
HSF Künzel GmbH,"04509 Delitzsch, Germany",4509,51.515961600000004,12.361533604221835,70.0,6773;6366;6842;4425;3238,6.0,150.0
Hübner GmbH Gebäudetechnik,"74743 Seckach, Germany",74743,49.43584894999999,9.337599991895537,70.0,74744;97070;63785;69427;97225;64385;64658;74214,6.0,150.0
Huhn Haustechnik GmbH,"61348 Bad Homburg, Germany",61348,50.226414956668435,8.61137138590495,70.0,35510;61250;63065;36381;35104;60306;65239;35305;35576;64319,6.0,150.0
Hunke GmbH - Heizung - Sanitär,"59427 Unna, Germany",59427,51.53448865,7.783236477141997,70.0,58739;44532;48231;44135;24576;33311;44787;45525;44623;33098,6.0,150.0
Hüttenbrauck Kälte-Klimatechnik GmbH,"56077 Koblenz, Germany",56077,50.36341270616408,7.626696871244946,70.0,56203;6406;56112;53545;35781;56472;35576;57072;56170,6.0,150.0
hydro-fact Matthias Maaßen,"52525 Heinsberg, Germany",52525,51.0593129,6.068108468436552,70.0,41812;41334;41061;34582;40667;40210;50126;25554;47798;52349,6.0,150.0
Hydrodrill Bohrgesellschaft GbR,"89362 Offingen, Germany",89362,48.48083935,10.374658626214856,70.0,86502;86609;89168;86150;86381;85123;86854,6.0,150.0
Igor Berezin Meisterbetrieb,"58644 Iserlohn, Germany",58644,51.34047465,7.685585893779902,70.0,58739;24576;44532;44135;45525;58507;44787;34431;42103;44623,6.0,150.0
Ing. D. Raubald GmbH,"38855 Wernigerode, Germany",38855,51.841250696509974,10.786177770142162,70.0,39164;38154;6333;38226;38162;38023;15755,6.0,150.0
Ing. Fritz Bissert GmbH & Co. KG,"65719 Hofheim, Germany",65719,50.0858055028915,8.414573282231519,70.0,65239;61250;60306;35510;63065;35104;36381;56472;64521;64319,6.0,150.0
Innovative Bausysteme GmbH,"09669 Frankenberg, Germany",9669,50.918770200000004,13.084682243748412,70.0,1445;9028;1705;4703;1067;1454;4600;3238,6.0,150.0
ISH Innovative Sanitär- & Heizungstechnik,"19386 Lübz, Germany",19386,53.4641591169203,12.052273945037255,70.0,17166;17033,6.0,150.0
ITE Industrievertretung Torsten Enders,"09496 Pobershau, Germany",9496,50.6009442,13.18666708507275,70.0,4703;1705;9028,6.0,150.0
Jakob Drehwald GmbH,"55116 Mainz, Germany",55116,49.99931595978293,8.270097236355854,70.0,65239;60306;64521;56472;61250;65219;35510;63065;35104;64319,6.0,150.0
Jan Labanc,"54310 Ralingen, Germany",54310,49.806306795802925,6.514866688668237,70.0,54636;54347;54298;53518;56253;6618;66663,6.0,150.0
JANSSEN CARL HEINZ GmbH,"31061 Alfeld (Leine), Germany",31061,51.98658215705693,9.815952780933713,70.0,31008;38162;31224;38226;30159;37444;31020;37154;31073;29365,6.0,150.0
Johann Nendel Sanitär- und Heizungstechnik GmbH,"91056 Erlangen, Germany",91056,49.58910585,10.954376203489751,70.0,91052;90542;90402;91257;90518;91332;91126;96106;91249,6.0,150.0
Johann Schwaiger GmbH,"83471 Berchtesgaden, Germany",83471,47.593225399999994,13.005234541566713,70.0,83317,6.0,150.0
Johs. Lenz GmbH,"22113 Oststeinbek, Germany",22113,53.53422687958341,10.149538576957653,70.0,20038;22844;21039;19069;23611;19273,6.0,150.0
Jordan & Kremer GmbH,"60316 Frankfurt am Main, Germany",60316,50.1207448414116,8.696526018402373,70.0,35510;63065;36381;35104;60306;61250;65239;35305;64319;63739,6.0,150.0
Julius Gaiser GmbH & Co. KG,"89077 Ulm, Germany",89077,48.3923482,9.97116408139515,70.0,89168;86381;86502;89231;72535;73033;86609;73430;87700,6.0,150.0
JUNG GmbH Sanitär & Heizungstechnik,"44797 Bochum, Germany",44797,51.43057868998478,7.230033332263187,70.0,44787;44135;44623;45879;45525;44532;45127;24576;42103;44575,6.0,150.0
Jura-Kälte GmbH,"91180 Heideck, Germany",91180,49.12984735,11.11535641255102,70.0,90602;91126;90518;90402;91249;91710;85049,6.0,150.0
Jürgen Heitger Ing. GmbH,"22419 Hamburg, Germany",22419,53.66578433562939,10.004295775929423,70.0,20038;22844;23611;21039;24534;23714,6.0,150.0
Jurisch Haustechnik GmbH,"01917 Kamenz/ OT Deutschbaselitz, Germany",1917,51.27948228345078,14.095569306166885,70.0,3058;1454;1945;1067;3042,6.0,150.0
JW Haustechnik GmbH,"65760 Eschborn, Germany",65760,50.150552887426564,8.55976214056235,70.0,35510;60306;61250;65239;63065;35104;36381;35305;64319;56472,6.0,150.0
K +K Kälte-Klimatechnik,"68723 Oftersheim, Germany",68723,49.3872508121821,8.578783023857456,70.0,69115;64658;68526;64625;68159;67105;64385;76829;64319;69427,6.0,150.0
Kälte Schübl GmbH,"93057 Regensburg, Germany",93057,49.0536886,12.11724016402971,70.0,92269;92444;84066;84069;94315;91249;93471,6.0,150.0
Kälte- und Klimatechnik Hoefer - Inh. Lutz Thurmann,"29303 Bergen, Germany",29303,52.8061353,9.925799032642852,70.0,29614;29389;29221;19273;29365,6.0,150.0
Kälte-Bast GmbH,"22525 Hamburg, Germany",22525,53.5868646109904,9.922965171616518,70.0,22844;20038;21039;24534;23714;19069,6.0,150.0
Kältetechnik Radeck & Jacobsen GmbH,"14513 Teltow, Germany",14513,52.38268460000001,13.276557558292842,70.0,10115;16225;15236;14461;16515,6.0,150.0
Karl Göpfert GmbH,"83512 Wasserburg, Germany",83512,48.04986725,12.20508993512868,70.0,83527;84489;84405;83550;84028;84140,6.0,150.0
KEGA Kälte & Klima GmbH,"06313 Wimmelburg, Germany",6313,51.53213385,11.470734686550653,70.0,6366;6120;6295,6.0,150.0
Kettner GmbH,"71083 Herrenberg, Germany",71083,48.59972965,8.879578306679097,70.0,71032;70173;70806;72070;75172;70734;72202;71292,6.0,150.0
KEUL Fußbodenheizung Estrich-Fußbodenheizung-Baustoffhandel,"56132 Kemmenau, Germany",56132,50.32495954497193,7.694905222389169,70.0,56203;6406;35781;56472;56112;53545;35576,6.0,150.0
Kinsky Dipl.-Ing. Alexander Henn eK,"58285 Gevelsberg, Germany",58285,51.3351139,7.353584382147622,70.0,24576;44135;44532;45525;44787;42103;42853;42651;58507;44623,6.0,150.0
KKM Haustechnik GmbH,"50823 Cologne, Germany",50823,50.94975484721943,6.923365932724571,70.0,,6.0,150.0
KKT Kratochwil GmbH,"99974 Mühlhausen/Thüringen, Germany",99974,51.237598299999995,10.461968567185986,70.0,6556;99734;99947;6578;37308;6295;6333;99084,6.0,150.0
Klima Jentzsch GmbH,"01623 Leuben-Schleinitz, Germany",1623,51.20609075,13.307003750735948,70.0,1445;3238;1067;1945;1454;1705,6.0,150.0
"KLU Klima-, Luft- und Umwelttechnik Duisburg GmbH","47167 Duisburg, Germany",47167,51.5008097863635,6.798403596438563,70.0,46236;44575;45879;45403;44623;45127;47051;46483;44787;47798,6.0,150.0
KNIXA industrie + haustechnik GmbH,"92318 Neumarkt, Germany",92318,49.27806195,11.487427901978727,70.0,91249;90518;90602;91281;91126;90402;92269;91052;91257,6.0,150.0
Knothe Sanitär _ Heizung - Elektro GmbH,"44263 Dortmund, Germany",44263,51.48954256743802,7.503768132969682,70.0,44532;44135;44623;24576;44787;45879;58739;48231;45525;46236,6.0,150.0
KOESTER HEINRICH GmbH CO KG,"38100 Braunschweig, Germany",38100,52.26397406103293,10.522687376505996,70.0,38023;29365;38440;38154;29410;31224;38226;38162;39164;29221,6.0,150.0
Kopp GmbH HLS-Technik,"94258 Frauenau, Germany",94258,48.98351990000001,13.336617166211223,70.0,94065,6.0,150.0
Kopp Haustechnik GmbH,"34225 Baunatal, Germany",34225,51.25452599657428,9.412648631962307,70.0,34117;6647;34346;32839;36205;37308;34212;37154;31073,6.0,150.0
Kraft GmbH,"34125 Kassel, Germany",34125,51.32889102565989,9.525132552370085,70.0,34346;6647;37154;37308;34117;31073;32839;36205,6.0,150.0
Krämer Erdwärme GmbH,"76706 Dettenheim-Rußheim, Germany",76706,49.1725647319272,8.41991459627964,70.0,68526;67105;76829;64625;68753;67360;69115;68159;75172;71543,6.0,150.0
Krause Schwimmbad-Technik,"21714 Hammah, Germany",21714,53.61944936979165,9.369493754359851,70.0,21614,6.0,150.0
KS Anlagentechnik GmbH,"03222 Lübbenau /Spreewald, Germany",3222,51.83217335,13.939672828089636,70.0,3042;12529;3058;1945,6.0,150.0
"KS Kälte-, Klima- und Lüftungstechnik GmbH","55543 Bad Kreuznach, Germany",55543,49.83861100243044,7.865336376052836,70.0,,6.0,150.0
Kühhorn GmbH,"90613 Großhabersdorf, Germany",90613,49.4101744,10.783981966938763,70.0,90402;91126;91052;90542;90518;90616;91257;91332,6.0,150.0
Kunkel GmbH,"44359 Dortmund, Germany",44359,51.568787245417155,7.386722772068759,70.0,44623;44135;44532;44575;45879;46236;48249;44787;48231;24576,6.0,150.0
Kupka GmbH,"44579 Castrop-Rauxel, Germany",44579,51.581497813456345,7.306871251317563,70.0,44623;44135;44575;45879;44787;44532;48249;46236;45127;24576,6.0,150.0
Kurt Höfflin Kälte- Klimatechnik,"79268 Bötzingen, Germany",79268,48.07143163108219,7.717286259929062,70.0,79183;79098;79362;77652;77781;79189;78048,6.0,150.0
Kurtz Versorgungstechnik GmbH,"83543 Rott am Inn, Germany",83543,47.9875679,12.12717886208296,70.0,83527;83550;84405;84489;84028;84140;83119,6.0,150.0
Lars Stoll GmbH Technischer Gebäudeservice,"20459 Hamburg, Germany",20459,53.547298311922006,9.979554249436212,70.0,20038;22844;21039;19273;19069;24534;23611;23714,6.0,150.0
Lenz GmbH,"53639 Königswinter, Germany",53639,50.70142452814435,7.240760463435367,70.0,53111;42477;51570;42799;50667;53545;51371;56203;42651,6.0,150.0
Leo Beckmann GmbH,"48341 Münster-Altenberge, Germany",48341,52.04249085,7.478208862605294,70.0,48268;49074;26721;48231;26871;48249;48455,6.0,150.0
LET Löwer & Co. GmbH,"34277 Fuldabrück-Dörnhagen, Germany",34277,51.24165207038556,9.501096113444722,70.0,34346;6647;34117;36205;37308;32839;37154,6.0,150.0
"Leuendorff Gebäudetechnik, Energie- und Mineralölhandel GmbH","13125 Berlin, Germany",13125,52.63700179999999,13.487047653624193,70.0,16225;10115;15236;3202;16515,6.0,150.0
Liekam Haustechnik GmbH,"49076 Osnabrück, Germany",49076,52.28193249131152,8.019437376982838,70.0,49377;27211;32312;49074;32049;27318;33519;26169,6.0,150.0
Lindemann Haustechnik GmbH & Co. KG,"44879 Bochum-Linden, Germany",44879,51.42988830225409,7.161485465236468,70.0,44787;44135;44623;45879;44575;45127;46236;45525;42103;44532,6.0,150.0
Lorenz Heizung - Lüftung - Klima GmbH,"61209 Echzell / Gettenau, Germany",61209,50.38843645,8.894802547841001,70.0,35315;35305;35510;36381;35104;61250;60306;35096;63065;35037,6.0,150.0
Löser + Anspach GmbH,"56070 Koblenz, Germany",56070,50.374941338367435,7.588230976525044,70.0,,6.0,150.0
Lothar Dörr e.K.,"55120 Mainz, Germany",55120,50.019150666074935,8.22484169417063,70.0,65239;60306;56472;65219;64521;61250;35510;35781;63065;6406,6.0,150.0
Lothar Stefke Kälte und Klimatechnik,"74252 Massenbachhausen, Germany",74252,49.17689122434437,9.04800011982916,70.0,69427;71543;74214;74744;64658;69115;64385;68526;75172;74405,6.0,150.0
Lotter Metall GmbH + Co.KG,"04552 Borna / OT Zedtlitz, Germany",4552,51.12067865,12.504781113050988,70.0,4103;4425;4600;9028;7545,6.0,150.0
Lüftungs Heizungs Sanitär Anlagenbau GmbH,"06779 Raguhn, Germany",6779,51.7457778,12.253127188110295,70.0,6773;6842;14476;6366,6.0,150.0
Lutz Elektro u. Sanitär GmbH,"38239 Salzgitter, Germany",38239,52.18084481354322,10.465228935962603,70.0,38023;38154;29365;31224;38440;38226;38162;29410,6.0,150.0
Maier & Sohn GmbH & Co. KG,"86381 Krumbach, Germany",86381,48.243257345440114,10.369003916739796,70.0,,6.0,150.0
MAMMUT Kühlanlagen GmbH,"57250 Netphen, Germany",57250,50.904191851420286,8.120871449084309,70.0,57072;34431;57368;35037;34454;35096;58507,6.0,150.0
Manfred Graf GmbH,"76185 Karlsruhe, Germany",76185,49.012034475458535,8.35992624112265,70.0,68753;67360;68526;76829;75172;71292;67377;76530;67105;76437,6.0,150.0
Manfred Mayer Bauspenglerei Sanitär Heizung,"89192 Rammingen, Germany",89192,48.51582982732211,10.169150768126306,70.0,89168;86502;86609;86381;73430;89231;73033;90599,6.0,150.0
Marc Schmitz GmbH,"50933 Cologne, Germany",50933,50.941612258810395,6.881430488163072,70.0,51371;42799;50667;40699;50126;42651;40210;40667;53111;34582,6.0,150.0
Marcel Winkel poolshop123,"23566 Lübeck, Germany",23566,53.86856148943599,10.7257835740325,70.0,23611;19069;20038;24534,6.0,150.0
MARIO SCHÖPE - Der Bad-Profi,"76228 Karlsruhe, Germany",76228,48.9602234849485,8.478237415497183,70.0,75172;68753;71292;68526;67360;76829;76530;70806;67377;69115,6.0,150.0
Mark Ellendt,"27299 Langwedel, Germany",27299,53.00272385,9.181585744284812,70.0,27356;27283;27749;28195;21614;27711;21745,6.0,150.0
Markus Schwich GmbH,"21357 Bardowick, Germany",21357,53.29825938703953,10.382503324264388,70.0,21039;19065;20038;19273;19069;29614,6.0,150.0
Marx GmbH,"79541 Lörrach-Brombach, Germany",79541,47.64014375,7.690329139447585,70.0,,6.0,150.0
Mayer Bauelemente GmbH,"69242 Mühlhausen, Germany",69242,49.248948013549786,8.725313919754116,70.0,69115;64658;68526;69427;71543;64625;68159;67105;64385;76829,6.0,150.0
MB Gebäudetechnik GmbH,"71332 Waiblingen, Germany",71332,48.8261624,9.308938599479552,70.0,70734;21217;74405;70173;73430;70806;73033;71543;74214;71032,6.0,150.0
Meisterbetrieb Heinz & Carmen Unterberg GbR,"47228 Duisburg, Germany",47228,51.41659545578077,6.687909816103471,70.0,47051;45403;46236;46483;47798;44575;45879;45127;44787;44623,6.0,150.0
Meisterbetrieb Jochen Buck,"72584 Hülben, Germany",72584,48.52185255,9.406917775010713,70.0,73033;73430;70173;21217;72535;72124;70734;71032;72070;89168,6.0,150.0
Meisterbetrieb Simon Seeler,"87662 Markt Kaltental/Blonhofen, Germany",87662,47.88987885,10.754931798192892,70.0,82269;87600;86854;82347;86150;87435;82131;82110;82297;87700,6.0,150.0
Metzler GmbH & Co KG,"63619 Bad Orb, Germany",63619,50.2273836323813,9.34802912973134,70.0,36037;97517;36381;35104;63065;35510;35315,6.0,150.0
Meyer & Kohlmann GmbH & Co. KG Kälte- und Klimatechnik Remscheid,"42897 Remscheid, Germany",42897,51.18750523422175,7.264249471013954,70.0,,6.0,150.0
Michael Schuba Klimatechnik,"47877 Willich, Germany",47877,51.26128575,6.523193167643982,70.0,,6.0,150.0
"Michael Türk Sanitär, Heiz- und Umwelttechnik GmbH","31157 Sarstedt, Germany",31157,52.23643448184512,9.863498880764256,70.0,31224;30159;29221;38226;38162;31008;29365;38023;31020,6.0,150.0
MODULTEQ GmbH & Co. KG,"13156 Berlin, Germany",13156,52.5814116,13.399532797838342,70.0,16225;15236;16515;10115;14461;3202,6.0,150.0
Möhring Versorgungstechnik GmbH & Möhring Gebäudemanagement GmbH,"27572 Bremerhaven, Germany",27572,53.50752888618062,8.598787219167594,70.0,21745;27711;21614;26349;26121;28195;26382;26316;27749,6.0,150.0
Molderings Haustechnik GmbH,"47647 Kerken-Aldekerk, Germany",47647,51.44834055,6.382046946929046,70.0,46483;47798;47051;25554;41334;45403;46236;40210;44575;45879,6.0,150.0
MT-Trading oHG,"21077 Hamburg, Germany",21077,53.44131990909587,9.960266915247539,70.0,20038;21039;22844;19273;29614,6.0,150.0
MÜHLING-MONTAGEN GmbH,"63920 Großheubach, Germany",63920,49.73466465,9.227454716001066,70.0,97225;63785;63739;74744;97070;64385;35104;64658;36381,6.0,150.0
Nadler Klimatechnik AG,"70734 Fellbach, Germany",70734,48.7984177,9.277421726541913,70.0,70734;21217;70173;74405;73430;70806;73033;71543;71032;75172,6.0,150.0
NaturEnergieLaden GmbH & Co KG,"38350 Helmstedt, Germany",38350,52.23241984354,11.004073167602053,70.0,15755;38440;38154;29410;38023;14715;39164;29365;39014;39175,6.0,150.0
NHW Energieservice GmbH,"21465 Reinbek, Germany",21465,53.52326241318857,10.247788010536448,70.0,20038;21039;22844;19069;23611;19065,6.0,150.0
Nicoara Wärme-Kälte-Klimatechnik Dipl. Ing. (FH) Lucian Nicoara,"72070 Tübingen, Germany",72070,48.5215327,9.025841165624527,70.0,71032;70173;72070;72124;70806;73033;70734;72336;71292,6.0,150.0
Nowak GmbH,"51429 Bergisch Gladbach, Germany",51429,50.96837515,7.186964390807002,70.0,42799;42477;51371;50667;42651;40699;58507;42103;57368;42853,6.0,150.0
OET Kälte & Wärme GmbH,"48607 Ochtrup, Germany",48607,52.2150857,7.172083783235706,70.0,26721;26871;48268;48455;49074,6.0,150.0
OTTO HERMANN GmbH,"82008 Unterhaching, Germany",82008,48.0700547,11.622559599703937,70.0,83550;80331;84405;84072;83527;82131;82110;84028;85221;83607,6.0,150.0
"ÖwA - Öl- und Gasfeuerungen, Wärmetechnische Anlagen GmbH","45468 Mülheim, Germany",45468,51.428493395515076,6.88654066145512,70.0,45403;45127;46236;45879;44787;44623;44575;47051;44135;46483,6.0,150.0
Pasberg & Neitzke GmbH,"31135 Hildesheim, Germany",31135,52.158279938618364,9.976313408682747,70.0,31224;38226;38162;29365;30159;31008;29221;38023;38154;31020,6.0,150.0
Paul Heller GmbH & Co. KG,"33739 Bielefeld, Germany",33739,52.08546065157582,8.520940663506645,70.0,32049;32312;33519;32105;31542;27318;27211;33311;31020,6.0,150.0
Paul Trechten GmbH,"23758 Oldenburg in Holstein, Germany",23758,54.29241968905965,10.884947998949935,70.0,24103,6.0,150.0
PEKER Sanitär-Heizung-Solar,"68229 Mannheim, Germany",68229,49.43942614667819,8.576346447777192,70.0,69115;68159;64625;64658;68526;64385;64319;67105;64521;76829,6.0,150.0
Pelzl Heizungsbau GmbH,"87600 Kaufbeuren, Germany",87600,47.88185435,10.603651287221377,70.0,87600;82269;86854;86150;82347;87435;87700;82110;86498;82297,6.0,150.0
Peter Berboth GmbH,"51063 Cologne, Germany",51063,50.96837015015017,7.005581754033276,70.0,51371;42799;42651;40699;50667;42477;42103;42853;40210;45525,6.0,150.0
Peter Handrick GmbH,"09337 Callenberg/OT Falken, Germany",9337,50.81135948240723,12.693843979859496,70.0,,6.0,150.0
Peter Karl GmbH,"90579 Langenzenn, Germany",90579,49.48883485,10.781323586656933,70.0,90542;91052;90402;90518;91126;91332;90616;91257;96160;96106,6.0,150.0
Pfütze GmbH,"77933 Lahr, Germany",77933,48.335528214101146,7.865058977820648,70.0,77652;79362;76437;79183;79098;72160;72172;48079;77781,6.0,150.0
Pingen Sanitär GmbH,"65843 Sulzbach, Germany",65843,50.13332405,8.532216674360956,70.0,61250;60306;35510;65239;63065;35104;36381;56472;64319;35305,6.0,150.0
PLA Pumpen- und Anlagenbau GmbH,"24568 Kaltenkirchen, Germany",24568,53.83219062345485,9.955560250683158,70.0,22844;24534;23714;23611;20038;24103;24107,6.0,150.0
PMW Pumpen- und Maschinentechnik GmbH,"34576 Homberg-Berge, Germany",34576,51.02987919993263,9.417879160703992,70.0,36205;6647;34117;34212;36166;34346;37308,6.0,150.0
Poolservice-Salm,"55471 Biebern, Germany",55471,49.98638590590153,7.446717489006335,70.0,56112;55430;65219;55218;6618;56253;55442;56170;56472,6.0,150.0
"Pries Heiztechnik, Inhaber: Anton Pries","90522 Oberasbach, Germany",90522,49.423604299999994,10.970870907734694,70.0,90402;91126;91052;90518;90542;91257;91249;90602,6.0,150.0
PRIMATHERM® - Systemtechnik GmbH,"88480 Ulm, Germany",88480,48.26129858935187,9.916640801275186,70.0,89231;86381;89168;72535;86502;87700;73033;7919;86498;86150,6.0,150.0
Putzmeister Holding GmbH,"72631 Aichtal, Germany",72631,48.62785065,9.252390680962806,70.0,70173;70734;73033;21217;70806;73430;72070;72124;71032;75172,6.0,150.0
Räder & Fries GmbH,"67550 Worms-Abenheim, Germany",67550,49.67746231299522,8.329233579652946,70.0,64521;64319;55232;68159;65239;64625;67105;60306;65219;76829,6.0,150.0
"Randecker GmbH, Sanitär- und Heizungsbau","72581 Dettingen an der Erms, Germany",72581,48.5267153,9.360576557616142,70.0,73033;70173;71032;70734;72535;72124;21217;73430;72070;70806,6.0,150.0
Reichstädter Heizungsbau GmbH,"01744 Dippoldiswalde OT Reichstädt, Germany",1744,50.88174377605068,13.662438916422794,70.0,1067;1454;1705;1445,6.0,150.0
Reimann Innovation und Umwelt,"03051 Cottbus, Germany",3051,51.71527720054167,14.35840007574787,70.0,3042;3058,6.0,150.0
Reinhold Wenz & Söhne GmbH,"65329 Hohenstein - Breithardt, Germany",65329,50.19573513092786,8.100996527008494,70.0,56472;35781;6406;35576;65239;61250;60306;56203;56112;64521,6.0,150.0
Remmetz Sanitär · Heizungstechnik,"47803 Krefeld, Germany",47803,51.34670742632783,6.551211758057383,70.0,47798;47051;46483;40210;45403;41061;45127;41334;40699;34582,6.0,150.0
renopan AG,"53619 Rheinbreitbach, Germany",53619,50.620476927117615,7.232342414202106,70.0,53545;53111;42477;42799;51570;56203;50667;51371;42651;40699,6.0,150.0
RIES GmbH,"64569 Nauheim, Germany",64569,49.952850700000006,8.462535727778182,70.0,65239;60306;64521;64319;63065;35104;36381;35510;61250;56472,6.0,150.0
Rische Kälte- und Klimatechnik GmbH,"56751 Polch, Germany",56751,50.29831323885786,7.311690430443423,70.0,56203;53545;56170;56112;53424;51570;53111;56253,6.0,150.0
RK-COOL GmbH,"03042 Cottbus, Germany",3042,51.75595702317929,14.362796708649347,70.0,3042;3058,6.0,150.0
RK-Haustechnik GmbH,"86343 Königsbrunn, Germany",86343,48.26094685,10.885834557912528,70.0,82297;85221;82110;86150;86854;85123;85077;82269;87600;84072,6.0,150.0
Robert Frenzel Sanitärinstallations- und Heizungsbau GmbH,"27619 Schiffdorf-Spaden, Germany",27619,53.54569511658478,8.671585249027254,70.0,21745;21614;27711;26349,6.0,150.0
Roland Gageur Elektrotechnik GmbH,"22399 Hamburg, Germany",22399,53.66383835400708,10.07222290568866,70.0,20038;22844;23611;21039;24534;23714;19069,6.0,150.0
Roland Hellmann GmbH,"42857 Remscheid, Germany",42857,51.17330656514413,7.163827766990149,70.0,42853;45525;42651;42103;58507;51371;24576;44787;45127;44135,6.0,150.0
Rose Elektrotechnik GmbH,"17094 Burg Stargard, Germany",17094,53.49269455620858,13.302271999205756,70.0,17121,6.0,150.0
Roter Kältetechnik GmbH,"30855 Langenhagen, Germany",30855,52.4581620272725,9.71211291325677,70.0,29221;30159;29365;31224,6.0,150.0
ROTEX Heating Systems GmbH,"74363 Güglingen, Germany",74363,49.06806048803568,9.012564783491383,70.0,71543;69427;70806;75172;74214;74405;70734;64658;71292;69115,6.0,150.0
ROTH INDUSTRIES GMBH & CO. KG,"35232 Dautphetal, Germany",35232,50.85216556642339,8.578614910328774,70.0,34454;35096;35037;34212;35305,6.0,150.0
Rothe Heizung Sanitär,"31848 Bad Münder am Deister, Germany",31848,52.20253710000001,9.4162397123849,70.0,30159;31020;31008;31224;31542;29221,6.0,150.0
RS Sanitär- und Gasheizungsbau GmbH,"52146 Würselen, Germany",52146,50.82927905,6.152075575967594,70.0,41812;52349;40667;50126;52062;41061;34582;50667;40210,6.0,150.0
Rüdiger Beck Elektrotechnik,"71726 Benningen, Germany",71726,48.94404905742866,9.23956455127868,70.0,70734;71543;70806;74214;74405;21217;70173;75172;73430;69427,6.0,150.0
Rühle + Wenger GmbH,"70186 Stuttgart (Gablenberg), Germany",70186,48.77595074885236,9.207277036702905,70.0,70734;70173;70806;21217;74405;73430;71543;73033;71032;75172,6.0,150.0
RUHSTRAT Haus- und Versorgungstechnik GmbH,"37079 Göttingen, Germany",37079,51.5481388611715,9.88432321836156,70.0,37154;37444;34346;37308;31073;6333;31008;99734;38162,6.0,150.0
Ruml & Feller GmbH,"86633 Neuburg an der Donau, Germany",86633,48.745628,11.187972867184927,70.0,85072;85049;85123;90602;85077;91710;84048;84069;86609,6.0,150.0
Sanitär- & Heizungstechnik Alfons Höke,"45527 Hattingen, Germany",45527,51.37455775,7.209486897654318,70.0,44787;45525;44135;45879;24576;42103;42853;44532;44623;45127,6.0,150.0
Sanitär-Heizung-Solartechnik Inh. Peer Schreiner,"59071 Hamm, Germany",59071,51.6721501,7.901836743513671,70.0,48231;58739;33311;44532;44623;33098;44135;24576;33519,6.0,150.0
Sanitärinstallation Hesse GmbH,"01277 Dresden, Germany",1277,51.03733328440829,13.798796977084224,70.0,1454;1067;1945;1445;1705;2708,6.0,150.0
Sanitärtechnik- Großhandel Reinwald Wagner GmbH,"09514 Lengefeld, Germany",9514,50.731083246661996,13.20168972703138,70.0,1705;9028;1067;4703;1445,6.0,150.0
Schäffer Haustechnik GmbH,"86348 Kissing, Germany",86348,48.3027,10.9726,70.0,82297;85221;85123;82110;85077;86150;84072;86854;82131;82269,6.0,150.0
Scharf GmbH & Co.KG,"64291 Darmstadt, Germany",64291,49.91533383398797,8.657133269360619,70.0,35104;63065;64319;36381;60306;65239;35510;64521;63739;61250,6.0,150.0
Scheffel GmbH & Co. KG,"71277 71277, Germany",71277,48.81094395,8.926513146569139,70.0,70806;75172;70173;71543;70734;71292;71032;73033;21217;72202,6.0,150.0
Scheimann Haustechnik GmbH & Co.KG,"12247 Berlin, Germany",12247,52.43894820000001,13.347686072403539,70.0,16225;10115;15236;16515;14461,6.0,150.0
Schenk Sanitär- und Heizungstechnik GmbH,"13437 Berlin, Germany",13437,52.5920686,13.324557725803153,70.0,16225;16515;10115;15236;14461;3202,6.0,150.0
"Schlecht Flaschnerei, Sanitär, Heizung","88471 Laupheim, Germany",88471,48.23717186769581,9.901195768848584,70.0,89231;86381;72535;89168;87700;73033;7919;86502;86498;86150,6.0,150.0
Schlecht GmbH,"94234 Viechtach, Germany",94234,49.09077375,12.923882574101086,70.0,93471;94315;94447;94065,6.0,150.0
"Schmidt Heizung, Sanitär, Solar Freiberg GmbH","09599 Freiberg, Germany",9599,50.91276817184097,13.339268253007527,70.0,1705;1445;1067;1454;9028,6.0,150.0
Schmidt+Eger GmbH,"76227 Karlsruhe, Germany",76227,48.9952322662967,8.467449712324074,70.0,75172;68753;68526;71292;67360;71543;76829;76530;69115;67377,6.0,150.0
SCHÖNECKER Gebäudetechnik GmbH,"79110 Freiburg, Germany",79110,48.01580443485866,7.816799330535133,70.0,79098;77781;79362;79183;77652;79189;78048;72172,6.0,150.0
Schwedisches Wärmepumpen Center,"03042 Cottbus, Germany",3042,51.75595702317929,14.362796708649347,70.0,nan,6.0,150.0
Schwering GmbH,"46286 Dorsten-Rhade, Germany",46286,51.73752594820497,7.000307438813107,70.0,48249;44575;46236;45879;44623;44787;48268;44135;45403;26721,6.0,150.0
Schwuchow Sanitär- und Heizungs GmbH,"12107 Berlin, Germany",12107,52.42826875,13.396522187601605,70.0,16225;15236;10115;16515;14461,6.0,150.0
seepex GmbH,"46240 Bottrop, Germany",46240,51.54250187454598,6.945389400523268,70.0,44575;46236;45879;44623;45127;44787;45403;48249;44135;47051,6.0,150.0
Selz & Cie GmbH,"69126 Heidelberg, Germany",69126,49.376832133155354,8.690933393159426,70.0,69115;64658;68526;64385;69427;64625;64319;68159;67105;71543,6.0,150.0
SH Siegerland -SHK Gebäudetechnik,"57258 Freudenberg, Germany",57258,50.89707618615618,7.896759030674017,70.0,57368;57072;34431;58507;35037;42477,6.0,150.0
SHK Brodde,"48431 Rheine, Germany",48431,52.275526,7.4263621001627005,70.0,49074;26721;26871;48268;48455,6.0,150.0
Siebert Gebäudetechnik GmbH & Co. KG,"34376 Immenhausen, Germany",34376,51.43404365,9.481462955368736,70.0,34346;37154;31073;32839;34117;6647;37308,6.0,150.0
Siegmund & Schulze GmbH,"12524 Berlin, Germany",12524,52.41179,13.548143876466167,70.0,15236;16225;10115;16515;14461,6.0,150.0
Silbereis GmbH,"69226 Nußloch, Germany",69226,49.32435271383889,8.688085713178133,70.0,69115;64658;68526;69427;64625;64385;68159;67105;64319;71543,6.0,150.0
SINA GmbH,"45239 Essen-Werden, Germany",45239,51.38590086342619,7.012700924034778,70.0,45127;45879;44787;46236;45403;44575;42103;45525;44623;47051,6.0,150.0
Solartec Röder GmbH,"63607 Wächtersbach, Germany",63607,50.264238515060605,9.296386317573523,70.0,36037;35315;97517;36381;35104;63065;35510,6.0,150.0
Sparka Heizung-Sanitär-Klimatechnik,"46147 Oberhausen, Germany",46147,51.54270824966082,6.814471072802732,70.0,46236;44575;45879;45403;44623;45127;47051;48249;44787;46483,6.0,150.0
Speck Gebäudetechnik GmbH,"31311 Uetze, Germany",31311,52.45807897943923,10.160032362671094,70.0,29221;29365;31224;38023;29389;38440,6.0,150.0
Stenzel GmbH,"72760 Reutlingen, Germany",72760,48.51056055922193,9.204636901532034,70.0,70173;73033;71032;72070;72124;70734;70806;73430;72535;72336,6.0,150.0
Stephan Simon MEISTER Heizungsbau & Sanitärtechnik,"63073 Offenbach am Main, Germany",63073,50.087265350298175,8.807431052035156,70.0,36381;35104;63065;35510;60306;61250;65239;63739;64319;35315,6.0,150.0
Stöckicht GmbH Inh. me. Gerald Schwalbach,"65201 Wiesbaden, Germany",65201,50.05297929511993,8.184961236413107,70.0,65239;56472;60306;61250;35781;6406;65219;64521;35510;63065,6.0,150.0
Stoltenberg Energie GmbH,"24217 Schönberg, Germany",24217,54.40152236160996,10.3726234421455,70.0,24103;24534;23714,6.0,150.0
Streicher GmbH - Heizung - Sanitär,"71720 Oberstenfeld, Germany",71720,49.02774327168206,9.330927250115398,70.0,74405;74214;70734;71543;21217;70806;69427;73430;74744;70173,6.0,150.0
Strobel GmbH,"72654 Neckartenzlingen, Germany",72654,48.58466415,9.244140040439877,70.0,70173;73033;70734;71032;70806;21217;73430;72070;72124;72535,6.0,150.0
STULZ GmbH,"22457 Hamburg, Germany",22457,53.63755925783188,9.911021378607174,70.0,22844;20038;21039;24534;23714;23611,6.0,150.0
Süwag Energie AG,"65929 Frankfurt am Main, Germany",65929,50.10733100329648,8.54034526315714,70.0,60306;35510;61250;65239;63065;35104;36381;56472;64319;35305,6.0,150.0
Team Gruner,"32120 Hiddenhausen, Germany",32120,52.1558576,8.641268352486497,70.0,32049;32312;31542;27318;33519;27211;32105;31020;33311,6.0,150.0
TECHMASTER GmbH,"72379 Hechingen, Germany",72379,48.35438889208323,8.966252713872871,70.0,72070;72124;72336;70173;71032;72535;73033;72172,6.0,150.0
teraqsoltec solar,"12687 Berlin, Germany",12687,52.556624899999996,13.568686168250167,70.0,16225;15236;10115;3202,6.0,150.0
tetec thermo-technik Müller GmbH & Co. KG,"85386 Eching, Germany",85386,48.29873195,11.613584126603465,70.0,84072;84405;84028;85077;84048;85221;83550;80331;83527;85049,6.0,150.0
Teucher GmbH,"09456 Arnsfeld, Germany",9456,50.5773179,13.058480449557026,70.0,4703;9028;1705;8280,6.0,150.0
tga-service gmbh,"64372 Ober-Ramstadt, Germany",64372,49.8191469,8.753831940856443,70.0,64319;63739;64521;35104;64385;63785;36381;65239;60306;63065,6.0,150.0
Thomas Gerold GmbH,"83707 Bad Wiessee-Ringsee, Germany",83707,47.70540485,11.702358922769294,70.0,83607;83550;80331;82057;84405,6.0,150.0
Thorsten Kißler Heizung & Sanitär,"67133 Maxdorf, Germany",67133,49.48710955,8.291270825110098,70.0,68159;64625;67105;69115;64521;76829;64658;68526;55232;67098,6.0,150.0
Torsten Böres GmbH,"55606 Oberhausen, Germany",55606,49.778942222214546,7.508845865349758,70.0,55218;55442;55430;65219;67292;56112;6618;55232;56253;18556,6.0,150.0
Torsten Kühl Gas- und Wasserinstallateurmeister,"01640 Coswig, Germany",1640,51.13294032060414,13.574042778331284,70.0,1454;1067;1445;3238;1945;1705,6.0,150.0
Trane Klima- und Kältetechnisches Büro GmbH,"82152 Krailling, Germany",82152,48.0984515,11.427428224225945,70.0,80331;85221;82110;82131;84072;83550;82297;85077;84405;86854,6.0,150.0
TRAUB GmbH & Co. Haustechnik KG,"82031 Grunwald, Germany",82031,48.04628985,11.53037938457634,70.0,80331;83550;84405;82131;85221;82110;83527;84072;84028;83607,6.0,150.0
Ullmann Heizungsbau GmbH,"01844 Neustadt, OT Langburkersdorf, Germany",1844,51.03242570000001,14.224107597604851,70.0,1454;2708,6.0,150.0
Upmeyer Haustechnik GmbH,"49525 Lengerich, Germany",49525,52.16615925,7.837779570123027,70.0,49074;49377;32312;48268;27211;33311;32049;26871;48231,6.0,150.0
Uponor GmbH,"97437 Hassfurt, Germany",97437,50.042783,10.508615785843995,70.0,96106;98530;96145;91332;96170;96515,6.0,150.0
Uwe Felsmann GmbH,"64342 Seeheim, Germany",64342,49.76105295,8.664219196386396,70.0,64319;64521;63739;65239;60306;63065;68159;35104;36381;69115,6.0,150.0
Uwe Zimmer Heizung - Sanitär - Dachklempnerarbeiten,"15295 Brieskow-Finkenheerd, Germany",15295,52.24081815,14.592811453849688,70.0,15230,6.0,150.0
Versorgungstechnik BSK GmbH,"02625 Bautzen, Germany",2625,51.1812160437654,14.430411527013819,70.0,2708;1454;3058,6.0,150.0
Volker Blunck GmbH - Heizung - Sanitär - Elektro,"24306 Bösdorf, Germany",24306,54.16196437475096,10.422804842511788,70.0,24103;23714;24534;23611,6.0,150.0
Volker Kosack - Installateur- & Heizungsbaumeister,"52080 Aachen, Germany",52080,50.7868709001491,6.1483466226711325,70.0,52349;41812;52062;50126;40667;41061;34582;50667,6.0,150.0
VWT Wärmetechnik GmbH,"55129 Mainz, Germany",55129,49.9516888822223,8.269561663076253,70.0,65239;64521;60306;56472;63065;65219;35104;64319;36381;61250,6.0,150.0
W. Förster GmbH,"99198 Erfurt-Büßleben, Germany",99198,51.0272819260234,11.130112980559664,70.0,99084;6578;99102;7743;6120;7607,6.0,150.0
W. Köthe GmbH,"30519 Hanover, Germany",30519,52.33844672842099,9.779054788104089,70.0,29221;31224;30159;29365;38226;31008;38162;31020,6.0,150.0
Wagenhäuser GmbH,"97437 Haßfurt, Germany",97437,50.042783,10.508615785843995,70.0,nan,6.0,150.0
Walter Falk GmbH,"73252 Lenningen, Germany",73252,48.54883220000001,9.509145861108367,70.0,73033;73430;21217;70173;70734;72535;89168;74405;70806;72124,6.0,150.0
Walter Fehring GmbH,"33014 Bad Driburg, Germany",33014,51.723744247817905,9.028156820722128,70.0,31073;32105;32839;31020;37154;31542;33098;31008;33519,6.0,150.0
Walter Gräfenstein GmbH,"45473 Mülheim an der Ruhr, Germany",45473,51.44401451275198,6.898269913775183,70.0,45403;46236;45127;45879;44575;44787;44623;47051;44135;46483,6.0,150.0
Walter Langen KG,"54294 Trier, Germany",54294,49.73826062390076,6.613071471223,70.0,54347;54636;54298;56253;6618;53518;66663;55430;66606,6.0,150.0
Wärme mit System.de Ltd.,"36341 Lauterbach (Hessen), Germany",36341,50.64090785,9.35525261380022,70.0,36166;35315;34212;36037;36404,6.0,150.0
Wärmetechnik Leickel GmbH,"44653 Herne, Germany",44653,51.54364638935319,7.1608512759869125,70.0,44623;45879;44575;44787;44135;46236;48249;45127;44532;45525,6.0,150.0
WätaS Wärmetauscher Sachsen GmbH,"09526 Olbernhau, Germany",9526,50.672133380046816,13.344070529384586,70.0,1705;9028;1445;4703;1067,6.0,150.0
"Weber GmbH, Elektro- und Solaranlagen","74078 Heilbronn-Kirchhausen, Germany",74078,49.17503491101242,9.162449312278756,70.0,69427;74214;71543;74744;64658;74405;69115;64385;68526;63785,6.0,150.0
Weisky & Co. GmbH,"83352 Altenmarkt, Germany",83352,47.99844605,12.511632684539794,70.0,84489;83527;84140;83119,6.0,150.0
Wenzel & Herzog GmbH,"15890 Schlaubetal / OT Fünfeichen, Germany",15890,52.16005045,14.571117922279706,70.0,15230,6.0,150.0
Werner Peters GmbH,"46485 Wesel, Germany",46485,51.665973765835005,6.644380459407362,70.0,46236;44575;46483;45879;45403;44623;47051;47798;45127;48249,6.0,150.0
Werner Wallraff GmbH & Co.KG,"48157 Munster, Germany",48157,51.995986400171915,7.6807172350706425,70.0,49074;48268;48231;26721;33311;48249,6.0,150.0
Werrlein GmbH & Co.KG,"91443 Scheinfeld, Germany",91443,49.67021355,10.4684880696984,70.0,91332;90542;96106;96160;91052;90616;96170;90402,6.0,150.0
Wessel & Tyc Haustechnik GmbH,"28279 Bremen, Germany",28279,53.04047020894537,8.847183565260249,70.0,27356;27749;28195;27283;27711;21745;26121;26349,6.0,150.0
Weyher Haustechnik GmbH,"28844 Weyhe, Germany",28844,52.98475952927596,8.845120708002035,70.0,27356;27749;27283;28195;27711;26121;26349,6.0,150.0
Willi Hammer GmbH - Sanitär Heizung Solar,"75181 Pforzheim-Eutingen, Germany",75181,48.8738261,8.765233532673923,70.0,75172;70806;71292;71543;70173;70734;68753;72202;71032,6.0,150.0
Willig Gas - Wasser - Wärme,"64283 Darmstadt, Germany",64283,49.870095674067706,8.653086493313005,70.0,64319;35104;64521;65239;63739;60306;63065;36381;35510;61250,6.0,150.0
WILO SE,"44263 Dortmund, Germany",44263,51.48954256743802,7.503768132969682,70.0,44532;44135;44623;24576;44787;45879;58739;48231;45525;46236,6.0,150.0
Winfried Zahnen Gas- und Wasserinstallateurmeister,"54595 Watzerath, Germany",54595,50.21129084970681,6.419952873789955,70.0,53518;53879;53424;56170;52062;56253,6.0,150.0
Wittemann GmbH,"76297 Stutensee-Friedrichstal, Germany",76297,49.08467320544047,8.481765478387326,70.0,68526;75172;68753;67105;67360;69115;71292;71543;76829;64625,6.0,150.0
"Woermann & Söhne, sanitäre Anlagen und Heizung GmbH","14163 Berlin (Berlin-Zehlendorf), Germany",14163,52.437233299999995,13.241466027255047,70.0,10115;16225;14461;16515;15236,6.0,150.0
Wolfgang Kozian Heizungsbau GmbH,"63128 Dietzenbach, Germany",63128,50.01079975,8.790729524494951,70.0,35104;36381;63065;35510;60306;63739;65239;64319;61250;63785,6.0,150.0
Würth Elektrogroßhandel GmbH & Co. KG,"91522 Ansbach, Germany",91522,49.28887445,10.55976933809508,70.0,90542;90402;91126;91052;90616;90518;90599;91710,6.0,150.0
Wust & Heck GmbH,"55471 Reich / Hunsrück, Germany",55471,49.98638590590153,7.446717489006335,70.0,nan,6.0,150.0
Zdoniak Elektrotechnik,"23936 Grevesmühlen, Germany",23936,53.83826208315358,11.195553764592443,70.0,19069,6.0,150.0
Zinnenlauf Service GmbH,"40472 Düsseldorf, Germany",40472,51.272641027116244,6.807200021807968,70.0,45403;40210;45127;47051;47798;40699;42103;45879;42651;46236,6.0,150.0
Zita Jacobs GmbH,"66740 Saarlouis, Germany",66740,49.31947657036562,6.75308444097593,70.0,66359;54426;66111;66663;66606;66386;54298;66869;54597;66849,6.0,150.0
ZLE Ehrlich GmbH,"76532 Baden-Baden, Germany",76532,48.8031151,8.208848972746503,70.0,76530;68753;76437;71292;67360;67377;75172;72202;68526;76829,6.0,150.0
ZOGEL GmbH,"38300 Wolfenbüttel, Germany",38300,52.15639204447906,10.554439097123396,70.0,38023;38154;29365;38226;38162;38440;39164;31224;29410,6.0,150.0
ZWS Zukunftsorientierte Wärme Systeme GmbH,"47506 Neukirchen-Vluyn, Germany",47506,51.43527775,6.5506149917785335,70.0,46483;47051;47798;45403;46236;40210;44575;45879;25554;41334,6.0,150.0
ELITEC Elektrische Industrietechnik GmbH,"64653 Lorsch, Germany",64653,49.6426967,8.556536015454096,70.0,64319;64521;68159;69115;64625;64385;64658;68526;60306;63785,6.0,150.0
Kälte-Aktiv Team GmbH,"91154 Roth, Germany",91154,49.23688415,11.118101625557133,70.0,91126;90402;90518;91249;90602;91052;91257;90542,6.0,150.0
Remko GmbH & Co. KG,"32791 Lage, Germany",32791,51.98650021960944,8.784133580599393,70.0,31542;33519;32105;32049;31020;32312;33311;27318,6.0,150.0
Carl Mettler Elektrogroßhandels-GmbH,"66117 Saarbrücken, Germany",66117,49.2279998876929,6.9756571483495655,70.0,54426;66111;66386;66359;66606;66869;66849;66484;18556;54422,6.0,150.0
H2 Umwelttechnik GbR,"52428 Jülich, Germany",52428,50.92898835,6.3602062087263205,70.0,40667;50126;41061;34582;50667;41812;52349;40210;52062;41334,6.0,150.0
Nesseler + Esser GmbH & Co. KG,"50389 Wesseling, Germany",50389,50.81590634608205,6.977998337090839,70.0,42799;50667;53111;51371;42477;51570;50126;40699;42651;40667,6.0,150.0
Neukälte Kälte- Klima- und Wärmepumpen GmbH,"66292 Riegelsberg, Germany",66292,49.30878835158418,6.935701052781655,70.0,54426;66111;66359;66606;66386;66869;66849;18556;66484;66663,6.0,150.0
Schalk GmbH secespol deutschland gmbh,"86500 Kutzenhausen, Germany",86500,48.3538739,10.679009437129745,70.0,86150;85123;86609;86502;86854;82297;86381;82110;85077;85221,6.0,150.0
Secespol Deutschland gmbh,"45141 Essen, Germany",45141,51.47450091374141,7.0264283015827775,70.0,45879;44787;44575;46236;44623;45127;45403;44135;42103;47051,6.0,150.0
Maxhütte Technologie GmbH & Co. KG,"92237 Sulzbach-Rosenberg, Germany",92237,49.51259165,11.728330663641984,70.0,91281;91249;92637;92681;91257;90518;92269;91126;90402,6.0,150.0
Viessmann Werke GmbH & Co. KG,"35108 Allendorf (Eder), Germany",35108,51.0383128,8.683138839169864,,nan,60.0,1500.0
